Iterasi,Fungsi Objektif
1,56.785770
2,43.028248
3,42.812475
4,42.277694
5,41.121447
6,39.291127
7,37.211886
8,35.704960
9,35.014741
10,34.384190
11,33.010470
12,30.097398
13,27.459243
14,27.151698
15,27.146714
16,27.146645
17,27.146641
18,27.146641
