Klaster,Usia Ibu,Usia Kehamilan,Gravida,Tekanan Darah,Denyut Jantung Janin,Nilai AFI,Kejadian KPD
K1,0.316839,0.900558,0.014457,0.022522,0.021334,0.625625,0.010352
K2,0.550802,0.875888,0.976292,0.030555,0.020244,0.605694,0.012947
K3,0.588573,0.879503,0.977399,0.018013,0.015118,0.583343,0.965765
K4,0.328318,0.894515,0.016521,0.048849,0.015685,0.554565,0.967428
