{
  "feature_columns": [
    "Usia Ibu",
    "Usia Kehamilan",
    "Gravida",
    "Tekanan Darah",
    "Denyut Jantung Janin",
    "Nilai AFI",
    "Kejadian KPD"
  ],
  "cluster_labels": {
    "1": "Sangat Rendah",
    "2": "Rendah",
    "3": "Sedang",
    "4": "Tinggi",
    "5": "Sangat Tinggi"
  },
  "min_values": {
    "Usia Ibu": 14.0,
    "Usia Kehamilan": 13.0,
    "Gravida": 1.0,
    "Tekanan Darah": 1.0,
    "Denyut Jantung Janin": 0.0,
    "Nilai AFI": 1.77,
    "Kejadian KPD": 0.0
  },
  "max_values": {
    "Usia Ibu": 43.0,
    "Usia Kehamilan": 41.5,
    "Gravida": 2.0,
    "Tekanan Darah": 3.0,
    "Denyut Jantung Janin": 1.0,
    "Nilai AFI": 5.0,
    "Kejadian KPD": 1.0
  },
  "centers": [
    [
      0.3324996654100689,
      0.9013219593411401,
      0.021537850735279793,
      0.021990102194671835,
      0.02156035982022963,
      0.8087973099694673,
      0.9843712692601194
    ],
    [
      0.5524765676211572,
      0.8766713073135732,
      0.9895931037562393,
      0.025423642174760907,
      0.014465292055198881,
      0.6078743335626876,
      0.9879064909461717
    ],
    [
      0.5880439730196441,
      0.8798201613594555,
      0.9859996998220744,
      0.014867263958279985,
      0.010670038331407202,
      0.5844812683224081,
      0.02329621418049318
    ],
    [
      0.3293783568032378,
      0.8944147629686773,
      0.014918664530573422,
      0.04020941820161552,
      0.010486368129189981,
      0.5519640522749822,
      0.014740322298480407
    ],
    [
      0.292841172636302,
      0.8932721474011593,
      0.025048480812232713,
      0.02458300484403027,
      0.025919459541812226,
      0.36816944691234377,
      0.9821555610478225
    ]
  ],
  "params": {
    "c": 5,
    "m": 2.0,
    "epsilon": 0.0001,
    "max_iter": 100,
    "seed": 42
  },
  "pc_final": 0.6236944822288579,
  "iterations_run": 25
}