{
  "feature_columns": [
    "Usia Ibu",
    "Usia Kehamilan",
    "Gravida",
    "Tekanan Darah",
    "Denyut Jantung Janin",
    "Nilai AFI",
    "Kejadian KPD"
  ],
  "cluster_labels": {
    "1": "K1",
    "2": "K2",
    "3": "K3",
    "4": "K4",
    "5": "K5"
  },
  "min_values": {
    "Usia Ibu": 14.0,
    "Usia Kehamilan": 13.0,
    "Gravida": 1.0,
    "Tekanan Darah": 1.0,
    "Denyut Jantung Janin": 0.0,
    "Nilai AFI": 1.77,
    "Kejadian KPD": 0.0
  },
  "max_values": {
    "Usia Ibu": 43.0,
    "Usia Kehamilan": 41.5,
    "Gravida": 2.0,
    "Tekanan Darah": 3.0,
    "Denyut Jantung Janin": 1.0,
    "Nilai AFI": 5.0,
    "Kejadian KPD": 1.0
  },
  "centers": [
    [
      0.3324996654100689,
      0.90132195934114,
      0.02153785073527979,
      0.021990102194671825,
      0.02156035982022962,
      0.8087973099694675,
      0.015628730739880924
    ],
    [
      0.5524765676211573,
      0.8766713073135733,
      0.9895931037562395,
      0.025423642174760907,
      0.014465292055198881,
      0.6078743335626876,
      0.012093509053828083
    ],
    [
      0.5880439730196442,
      0.8798201613594554,
      0.9859996998220744,
      0.014867263958279983,
      0.010670038331407204,
      0.584481268322408,
      0.9767037858195066
    ],
    [
      0.32937835680323774,
      0.8944147629686772,
      0.014918664530573417,
      0.04020941820161552,
      0.01048636812918998,
      0.5519640522749821,
      0.9852596777015193
    ],
    [
      0.292841172636302,
      0.8932721474011591,
      0.025048480812232713,
      0.024583004844030268,
      0.025919459541812226,
      0.3681694469123437,
      0.017844438952177702
    ]
  ],
  "params": {
    "c": 5,
    "m": 2.0,
    "epsilon": 0.0001,
    "max_iter": 100,
    "seed": 42
  },
  "pc_final": 0.623694482228858,
  "objective_final": 20.943712301805128,
  "iterations_run": 25
}