{
  "pc_history": [
    0.20088107844789177,
    0.20218277284075842,
    0.20579333352732995,
    0.2150521866769219,
    0.23627528061464143,
    0.2802288438680327,
    0.3531238501044084,
    0.424863745214044,
    0.5120707550135952,
    0.5598472775307474,
    0.5651792192771263,
    0.57962927241678,
    0.6041186639607498,
    0.6187285559774972,
    0.6228540828090275,
    0.6237233431202214,
    0.6238417486268282,
    0.6238109031137277,
    0.6237672531765401,
    0.6237358686660645,
    0.6237166805667125,
    0.623705696982415,
    0.6236996050778248,
    0.6236962807148092,
    0.6236944822288579
  ],
  "delta_history": [
    0.45099400947435586,
    0.024461321335682212,
    0.09776691023766426,
    0.05896493465976638,
    0.11503480952963663,
    0.2047710316800455,
    0.6389508753689876,
    0.3510812751174217,
    0.7407074286321277,
    0.8498577462475382,
    0.15961712029157554,
    0.20550013458659783,
    0.18876020611201805,
    0.08181777840786086,
    0.03438296535995122,
    0.016625987948680976,
    0.009165268248074732,
    0.0049631809628382095,
    0.002668664512328278,
    0.0014299168765072867,
    0.0007648392986256969,
    0.0004087858014542034,
    0.00021843558432310672,
    0.00011672868859213814,
    6.239054078405193e-05
  ],
  "iterations_run": 25,
  "pc_final": 0.6236944822288579
}