{
  "pc_history": [
    0.20088107844789177,
    0.20218277284075842,
    0.20579333352732995,
    0.21505218667692186,
    0.23627528061464126,
    0.28022884386803215,
    0.3531238501044071,
    0.424863745214042,
    0.5120707550135914,
    0.5598472775307473,
    0.5651792192771261,
    0.579629272416779,
    0.6041186639607486,
    0.6187285559774969,
    0.6228540828090275,
    0.6237233431202214,
    0.6238417486268282,
    0.6238109031137277,
    0.6237672531765401,
    0.6237358686660645,
    0.6237166805667126,
    0.623705696982415,
    0.6236996050778248,
    0.6236962807148092,
    0.623694482228858
  ],
  "objective_history": [
    45.919343922223064,
    34.44327385788324,
    34.31146126453775,
    33.98529214559513,
    33.26831928916781,
    32.0421148491948,
    30.195805110479764,
    27.868608833233765,
    25.442570064773555,
    22.394464292821983,
    21.777790285106708,
    21.57116735703712,
    21.29315787221752,
    21.043864738944237,
    20.96207771415085,
    20.947254471719575,
    20.94452642182771,
    20.94392281392558,
    20.943769886476876,
    20.943728432240185,
    20.943716854730866,
    20.943713578064845,
    20.943712644821694,
    20.943712378147993,
    20.943712301805128
  ],
  "delta_history": [
    0.45099400947435586,
    0.024461321335682074,
    0.09776691023766435,
    0.05896493465976632,
    0.11503480952963607,
    0.2047710316800455,
    0.6389508753689819,
    0.3510812751174138,
    0.7407074286321143,
    0.8498577462475334,
    0.15961712029157377,
    0.205500134586597,
    0.18876020611202282,
    0.08181777840786564,
    0.034382965359953,
    0.016625987948681198,
    0.009165268248074732,
    0.004963180962838543,
    0.0026686645123285,
    0.0014299168765073977,
    0.00076483929862603,
    0.00040878580145398136,
    0.00021843558432288468,
    0.00011672868859213814,
    6.23905407839409e-05
  ],
  "iterations_run": 25,
  "pc_final": 0.623694482228858,
  "objective_final": 20.943712301805128
}