{
  "valid_rows": 253,
  "iterations_run": 25,
  "pc_final": 0.623694482228858,
  "objective_final": 20.943712301805128,
  "cluster_counts": {
    "K1": 50,
    "K2": 68,
    "K3": 47,
    "K4": 53,
    "K5": 35
  }
}