Iterasi,Fungsi Objektif
1,45.919344
2,34.443274
3,34.311461
4,33.985292
5,33.268319
6,32.042115
7,30.195805
8,27.868609
9,25.442570
10,22.394464
11,21.777790
12,21.571167
13,21.293158
14,21.043865
15,20.962078
16,20.947254
17,20.944526
18,20.943923
19,20.943770
20,20.943728
21,20.943717
22,20.943714
23,20.943713
24,20.943712
25,20.943712
