Klaster,Usia Ibu,Usia Kehamilan,Gravida,Tekanan Darah,Denyut Jantung Janin,Nilai AFI,Kejadian KPD
K1,0.3325,0.901322,0.021538,0.02199,0.02156,0.808797,0.984371
K2,0.552477,0.876671,0.989593,0.025424,0.014465,0.607874,0.987906
K3,0.588044,0.87982,0.986,0.014867,0.01067,0.584481,0.023296
K4,0.329378,0.894415,0.014919,0.040209,0.010486,0.551964,0.01474
K5,0.292841,0.893272,0.025048,0.024583,0.025919,0.368169,0.982156
