{
  "feature_columns": [
    "Usia Ibu",
    "Usia Kehamilan",
    "Gravida",
    "Tekanan Darah",
    "Denyut Jantung Janin",
    "Nilai AFI",
    "Kejadian KPD"
  ],
  "cluster_labels": {
    "1": "Mild",
    "2": "Moderate",
    "3": "Severe"
  },
  "min_values": {
    "Usia Ibu": 14.0,
    "Usia Kehamilan": 13.0,
    "Gravida": 1.0,
    "Tekanan Darah": 1.0,
    "Denyut Jantung Janin": 0.0,
    "Nilai AFI": 1.77,
    "Kejadian KPD": 0.0
  },
  "max_values": {
    "Usia Ibu": 43.0,
    "Usia Kehamilan": 41.5,
    "Gravida": 2.0,
    "Tekanan Darah": 3.0,
    "Denyut Jantung Janin": 2.0,
    "Nilai AFI": 5.0,
    "Kejadian KPD": 1.0
  },
  "centers": [
    [
      0.3245137425133109,
      0.8979507241596324,
      0.03860915706954786,
      0.02895021305067601,
      0.022431099853834353,
      0.6219526114296018,
      0.9652046464558112
    ],
    [
      0.5656618986130024,
      0.8749801285439159,
      0.9780399452809453,
      0.033969127806969486,
      0.01800608509086142,
      0.5995536275726633,
      0.8524919010496989
    ],
    [
      0.37691291819468176,
      0.8923578689879865,
      0.18990679955198733,
      0.051923993526318886,
      0.011714626897584325,
      0.564630161959507,
      0.0319246492169414
    ]
  ],
  "params": {
    "c": 3,
    "m": 2.0,
    "epsilon": 0.0001,
    "max_iter": 100,
    "seed": 42
  },
  "pc_final": 0.6496797603768592,
  "iterations_run": 26
}