{
  "feature_columns": [
    "Usia Ibu",
    "Usia Kehamilan",
    "Gravida",
    "Tekanan Darah",
    "Denyut Jantung Janin",
    "Nilai AFI",
    "Kejadian KPD"
  ],
  "cluster_labels": {
    "1": "Mild",
    "2": "Moderate",
    "3": "Severe"
  },
  "min_values": {
    "Usia Ibu": 14.0,
    "Usia Kehamilan": 13.0,
    "Gravida": 1.0,
    "Tekanan Darah": 1.0,
    "Denyut Jantung Janin": 0.0,
    "Nilai AFI": 1.77,
    "Kejadian KPD": 0.0
  },
  "max_values": {
    "Usia Ibu": 43.0,
    "Usia Kehamilan": 41.5,
    "Gravida": 2.0,
    "Tekanan Darah": 3.0,
    "Denyut Jantung Janin": 1.0,
    "Nilai AFI": 5.0,
    "Kejadian KPD": 1.0
  },
  "centers": [
    [
      0.32554051572430126,
      0.8980303929852083,
      0.04096752024629646,
      0.02722515871649837,
      0.02841545471651041,
      0.6223336459203139,
      0.9634080315509225
    ],
    [
      0.5637456500866339,
      0.8753397301447702,
      0.9740481075654951,
      0.03467520106377271,
      0.025460352595630353,
      0.6017141211816891,
      0.8516119287654949
    ],
    [
      0.37726579489712453,
      0.8924545466208381,
      0.19227353914180292,
      0.052622853155071425,
      0.02056337215865421,
      0.5633896971697858,
      0.0374272223076097
    ]
  ],
  "params": {
    "c": 3,
    "m": 2.0,
    "epsilon": 0.0001,
    "max_iter": 100,
    "seed": 42
  },
  "pc_final": 0.6434953916075411,
  "iterations_run": 26
}