{
  "feature_columns": [
    "Usia Ibu",
    "Usia Kehamilan",
    "Gravida",
    "Tekanan Darah",
    "Denyut Jantung Janin",
    "Nilai AFI",
    "Kejadian KPD"
  ],
  "cluster_labels": {
    "1": "Mild",
    "2": "Moderate",
    "3": "Severe"
  },
  "min_values": {
    "Usia Ibu": 14.0,
    "Usia Kehamilan": 13.0,
    "Gravida": 1.0,
    "Tekanan Darah": 1.0,
    "Denyut Jantung Janin": 0.0,
    "Nilai AFI": 1.77,
    "Kejadian KPD": 0.0
  },
  "max_values": {
    "Usia Ibu": 43.0,
    "Usia Kehamilan": 41.5,
    "Gravida": 2.0,
    "Tekanan Darah": 3.0,
    "Denyut Jantung Janin": 2.0,
    "Nilai AFI": 5.0,
    "Kejadian KPD": 1.0
  },
  "centers": [
    [
      0.30684128728678445,
      0.8976246965259064,
      0.016034154231960734,
      0.023024253942942993,
      0.0190650969560557,
      0.6168029823748545,
      0.8853500842263983
    ],
    [
      0.5315774998111142,
      0.8760074621220323,
      0.9567514048369893,
      0.020281718349692397,
      0.007156258952123016,
      0.5954089876764401,
      0.9611067974266572
    ],
    [
      0.5167191225794002,
      0.8852647008643248,
      0.8169393691796631,
      0.018311075828335452,
      0.0032138523289174962,
      0.5806336847872119,
      0.02673259370921799
    ]
  ],
  "params": {
    "c": 3,
    "m": 2.0,
    "epsilon": 0.0001,
    "max_iter": 100,
    "seed": 42
  },
  "pc_final": 0.6643215224572468,
  "iterations_run": 24
}