{
  "feature_columns": [
    "Usia Ibu",
    "Usia Kehamilan",
    "Gravida",
    "Tekanan Darah",
    "Denyut Jantung Janin",
    "Nilai AFI",
    "Kejadian KPD"
  ],
  "cluster_labels": {
    "1": "Mild",
    "2": "Moderate",
    "3": "Severe"
  },
  "min_values": {
    "Usia Ibu": 14.0,
    "Usia Kehamilan": 13.0,
    "Gravida": 1.0,
    "Tekanan Darah": 1.0,
    "Denyut Jantung Janin": 0.0,
    "Nilai AFI": 1.77,
    "Kejadian KPD": 0.0
  },
  "max_values": {
    "Usia Ibu": 43.0,
    "Usia Kehamilan": 41.5,
    "Gravida": 2.0,
    "Tekanan Darah": 3.0,
    "Denyut Jantung Janin": 2.0,
    "Nilai AFI": 5.0,
    "Kejadian KPD": 1.0
  },
  "centers": [
    [
      0.3068975991540996,
      0.8976233211814635,
      0.016387706316208263,
      0.023008235283029897,
      0.019221613932594958,
      0.6165679416252149,
      0.8853596613974983
    ],
    [
      0.5319105031905187,
      0.876041742636623,
      0.9564034198307197,
      0.020419572905225242,
      0.011419346238776272,
      0.5973881256978489,
      0.9608126193583053
    ],
    [
      0.5167052151252934,
      0.8852548367017113,
      0.8170945147657016,
      0.01829765806702411,
      0.0034606657491892713,
      0.5803646620282257,
      0.027222691054552436
    ]
  ],
  "params": {
    "c": 3,
    "m": 2.0,
    "epsilon": 0.0001,
    "max_iter": 100,
    "seed": 42
  },
  "pc_final": 0.6629342374059793,
  "iterations_run": 24
}