{
  "feature_columns": [
    "Usia Ibu",
    "Usia Kehamilan",
    "Gravida",
    "Tekanan Darah",
    "Denyut Jantung Janin",
    "Nilai AFI",
    "Kejadian KPD"
  ],
  "cluster_labels": {
    "1": "Mild",
    "2": "Moderate",
    "3": "Severe"
  },
  "min_values": {
    "Usia Ibu": 14.0,
    "Usia Kehamilan": 13.0,
    "Gravida": 1.0,
    "Tekanan Darah": 1.0,
    "Denyut Jantung Janin": 0.0,
    "Nilai AFI": 1.77,
    "Kejadian KPD": 0.0
  },
  "max_values": {
    "Usia Ibu": 43.0,
    "Usia Kehamilan": 41.5,
    "Gravida": 2.0,
    "Tekanan Darah": 3.0,
    "Denyut Jantung Janin": 2.0,
    "Nilai AFI": 5.0,
    "Kejadian KPD": 1.0
  },
  "centers": [
    [
      0.3068975991540995,
      0.8976233211814637,
      0.01638770631620825,
      0.0230082352830299,
      0.01922161393259496,
      0.6165679416252156,
      0.885359661397498
    ],
    [
      0.5319105031905192,
      0.8760417426366227,
      0.9564034198307199,
      0.020419572905225242,
      0.011419346238776272,
      0.5973881256978488,
      0.9608126193583052
    ],
    [
      0.5167052151252933,
      0.8852548367017108,
      0.8170945147657017,
      0.018297658067024117,
      0.003460665749189269,
      0.5803646620282255,
      0.02722269105455239
    ]
  ],
  "params": {
    "c": 3,
    "m": 2.0,
    "epsilon": 0.0001,
    "max_iter": 100,
    "seed": 42
  },
  "pc_final": 0.6629342374059795,
  "iterations_run": 24
}