{
  "pc_history": [
    0.3343677765033883,
    0.33618553587809846,
    0.34124604235809436,
    0.35306192375438006,
    0.3734443511948236,
    0.39602808679346757,
    0.4139551159706004,
    0.4312867310846965,
    0.4565433588167136,
    0.49368548293643594,
    0.5532286745930787,
    0.6282746232386511,
    0.6588997753406082,
    0.6632484972261928,
    0.6634442192157588,
    0.6632784484036613,
    0.6631476054600616,
    0.6630640851150732,
    0.6630119724024983,
    0.6629795225990659,
    0.662959342153623,
    0.662946813027807,
    0.6629390462863332,
    0.6629342374059793
  ],
  "delta_history": [
    0.5359274989175178,
    0.085876598495784,
    0.04323566628380804,
    0.06752864626565491,
    0.08645343848321552,
    0.14519004193921436,
    0.06951613726909267,
    0.09177430646200757,
    0.10820211332960672,
    0.11136515461694041,
    0.1874330782181476,
    0.19044686074529216,
    0.06442904794627236,
    0.01166320551635075,
    0.005815408176597758,
    0.003315234834801173,
    0.0019883383590162396,
    0.0012125536990244545,
    0.0007441529633920863,
    0.00045801214735324836,
    0.0002823247813104057,
    0.00017417832208510564,
    0.0001075126271435356,
    6.638307373690866e-05
  ],
  "iterations_run": 24,
  "pc_final": 0.6629342374059793
}