{
  "pc_history": [
    0.3347711356959318,
    0.33728642810169407,
    0.3443327916171094,
    0.3610826417255271,
    0.39157869383684635,
    0.4336451810888394,
    0.48944508402627096,
    0.5588429468893554,
    0.6139535123392994,
    0.6384657408500024,
    0.6468148638430218,
    0.6493836364095716,
    0.6500691145770071,
    0.6501651566455736,
    0.6500949540285913,
    0.6499952020446664,
    0.6499066099296937,
    0.649837814090119,
    0.6497874183176209,
    0.6497515912841823,
    0.6497265478789322,
    0.6497092180667174,
    0.6496973009626111,
    0.6496891387498303,
    0.6496835628819172,
    0.6496797603768592
  ],
  "delta_history": [
    0.5386958105854971,
    0.08533869599444915,
    0.046434089499031383,
    0.07404430130090917,
    0.11146685640892917,
    0.3889722993608496,
    0.13496956016956269,
    0.1745103215581022,
    0.10563743843444562,
    0.06195886336913692,
    0.030079128980752712,
    0.01898112466418933,
    0.012031729223122123,
    0.007667838456178133,
    0.005070048194001808,
    0.0034118561294550487,
    0.002299813145212104,
    0.0015532723473129506,
    0.0010508425978117408,
    0.0007118606847910103,
    0.00048268958305242027,
    0.0003275192010612771,
    0.00022233755636574815,
    0.00015098455000456257,
    0.00010255363811878526,
    6.966865439111958e-05
  ],
  "iterations_run": 26,
  "pc_final": 0.6496797603768592
}