{
  "pc_history": [
    0.3343677765033883,
    0.33618553587809846,
    0.34124604235809436,
    0.3530619237543801,
    0.3734443511948236,
    0.3960280867934675,
    0.4139551159706004,
    0.4312867310846966,
    0.4565433588167135,
    0.4936854829364337,
    0.5532286745930726,
    0.628274623238646,
    0.6588997753406072,
    0.6632484972261927,
    0.6634442192157588,
    0.6632784484036615,
    0.6631476054600616,
    0.6630640851150732,
    0.6630119724024985,
    0.6629795225990659,
    0.662959342153623,
    0.6629468130278068,
    0.6629390462863333,
    0.6629342374059795
  ],
  "delta_history": [
    0.5359274989175178,
    0.08587659849578405,
    0.04323566628380815,
    0.06752864626565491,
    0.0864534384832153,
    0.14519004193921548,
    0.06951613726909345,
    0.09177430646200979,
    0.10820211332960672,
    0.11136515461693453,
    0.18743307821813993,
    0.19044686074530037,
    0.06442904794628179,
    0.01166320551635136,
    0.00581540817659737,
    0.003315234834801728,
    0.001988338359016517,
    0.0012125536990237329,
    0.0007441529633924748,
    0.0004580121473534149,
    0.0002823247813102947,
    0.00017417832208510564,
    0.00010751262714364662,
    6.638307373724173e-05
  ],
  "iterations_run": 24,
  "pc_final": 0.6629342374059795
}