{
  "pc_history": [
    0.3343705061526132,
    0.33619923629432225,
    0.3412962170336983,
    0.3532016114319353,
    0.3736816238513906,
    0.3961785747593195,
    0.4137288051968234,
    0.430372793314116,
    0.45445961891924225,
    0.48900836829161776,
    0.5431944655717237,
    0.6203672343729199,
    0.6584701075485798,
    0.6644782541500703,
    0.6648446350744186,
    0.6646831819525371,
    0.6645458958914242,
    0.6644579741968786,
    0.6644032024718775,
    0.6643691193992645,
    0.6643479199105334,
    0.6643347513975101,
    0.66432658319594,
    0.6643215224572468
  ],
  "delta_history": [
    0.5359253214133373,
    0.0859468810593853,
    0.04322760802644876,
    0.06738437358688498,
    0.08577548857859951,
    0.145481930764652,
    0.06880419713706154,
    0.09089801020837829,
    0.10790240894426473,
    0.10191805994746689,
    0.1754914218384248,
    0.2024262885453212,
    0.08060766502915073,
    0.014545008700290407,
    0.00619966778215858,
    0.003486126896002195,
    0.002083315831556687,
    0.0012695367015093106,
    0.0007791919471408781,
    0.00047975180089726566,
    0.00029586603149989177,
    0.00018262946173763783,
    0.00011279245793405224,
    6.968341772378706e-05
  ],
  "iterations_run": 24,
  "pc_final": 0.6643215224572468
}