{
  "pc_history": [
    0.33474660145159024,
    0.3371074897769477,
    0.3435652647026216,
    0.35872697491559447,
    0.3866764702875351,
    0.42607086870318867,
    0.4782526104328214,
    0.5443076085391659,
    0.6020240312283517,
    0.6302246084063067,
    0.6400543048951522,
    0.643048353160262,
    0.6438461611593767,
    0.6439723152743325,
    0.6439104975178135,
    0.6438130027233329,
    0.6437247875266454,
    0.6436557610837945,
    0.6436049556024898,
    0.6435686989966798,
    0.6435432668213313,
    0.6435256088609238,
    0.6435134260070662,
    0.6435050544722786,
    0.6434993170000262,
    0.6434953916075411
  ],
  "delta_history": [
    0.5382898353834564,
    0.08299956164258587,
    0.043807549964056114,
    0.0700537423409297,
    0.10553297962915886,
    0.3749186569579451,
    0.12941795344403817,
    0.16906078659913615,
    0.11831264945651809,
    0.06618836563756092,
    0.03230688545430371,
    0.018838684394794192,
    0.011913416769822716,
    0.007583864263054463,
    0.005012987424252213,
    0.00338409398379802,
    0.002288069748529298,
    0.0015500501784131426,
    0.0010518780047760745,
    0.0007147640940655675,
    0.00048616686336133696,
    0.00033091158633297146,
    0.00022534722181577482,
    0.00015351152432618864,
    0.00010460016374669312,
    7.12843693448928e-05
  ],
  "iterations_run": 26,
  "pc_final": 0.6434953916075411
}