Iterasi,Fungsi Objektif
1,74.254040
2,57.393701
3,57.141704
4,56.541241
5,55.383351
6,53.895636
7,52.274666
8,49.836573
9,46.987032
10,45.506913
11,45.095505
12,44.981511
13,44.942300
14,44.926746
15,44.920137
16,44.917231
17,44.915927
18,44.915336
19,44.915065
20,44.914941
21,44.914884
22,44.914857
23,44.914845
24,44.914839
25,44.914837
26,44.914835
