{
  "feature_columns": [
    "Usia Ibu",
    "Usia Kehamilan",
    "Gravida",
    "Tekanan Darah",
    "Denyut Jantung Janin",
    "Nilai AFI",
    "Kejadian KPD"
  ],
  "cluster_labels": {
    "1": "K1",
    "2": "K2",
    "3": "K3",
    "4": "K4"
  },
  "min_values": {
    "Usia Ibu": 14.0,
    "Usia Kehamilan": 13.0,
    "Gravida": 1.0,
    "Tekanan Darah": 1.0,
    "Denyut Jantung Janin": 0.0,
    "Nilai AFI": 1.77,
    "Kejadian KPD": 0.0
  },
  "max_values": {
    "Usia Ibu": 43.0,
    "Usia Kehamilan": 41.5,
    "Gravida": 2.0,
    "Tekanan Darah": 3.0,
    "Denyut Jantung Janin": 1.0,
    "Nilai AFI": 5.0,
    "Kejadian KPD": 1.0
  },
  "centers": [
    [
      0.31683913444575357,
      0.9005583765155245,
      0.014457250747155445,
      0.022521848479859993,
      0.021333982303446856,
      0.6256249993619079,
      0.01035151616566319
    ],
    [
      0.5508019016637278,
      0.8758882519728409,
      0.9762922370624686,
      0.030555041941003173,
      0.020243963347680787,
      0.6056935799914158,
      0.012946836376923275
    ],
    [
      0.5885731503329226,
      0.8795028890259756,
      0.9773987863017466,
      0.018012835891229297,
      0.015118488191976791,
      0.5833426771625796,
      0.9657648438689767
    ],
    [
      0.3283182145874751,
      0.8945154079677453,
      0.016521218708845924,
      0.04884905728930541,
      0.015684626045755982,
      0.5545645005804201,
      0.9674284941804774
    ]
  ],
  "params": {
    "c": 4,
    "m": 2.0,
    "epsilon": 0.0001,
    "max_iter": 100,
    "seed": 42
  },
  "pc_final": 0.6738899832617135,
  "objective_final": 27.146640784253552,
  "iterations_run": 18
}