{
  "pc_history": [
    0.2514260989748976,
    0.2535530402394391,
    0.25944222135240175,
    0.27418698628303007,
    0.30499662027385804,
    0.3565118083732693,
    0.42283498867788305,
    0.4751404481893033,
    0.5037379558610591,
    0.5250125898848776,
    0.5610251328923028,
    0.6322799713722408,
    0.6690874660426718,
    0.6734793772019935,
    0.67385425696377,
    0.6738870897569951,
    0.6738898575787136,
    0.6738899832617135
  ],
  "objective_history": [
    56.785769647716506,
    43.02824831915205,
    42.8124750550318,
    42.2776937499313,
    41.12144690653518,
    39.291127487928655,
    37.21188562097831,
    35.70495981328354,
    35.01474125692181,
    34.38419037454915,
    33.010470460173885,
    30.0973978905853,
    27.45924297407,
    27.151697618678405,
    27.14671377492018,
    27.1466447414085,
    27.146641324475716,
    27.146640784253552
  ],
  "delta_history": [
    0.47902480474570414,
    0.02442876274854952,
    0.12750491939511738,
    0.06746703261407683,
    0.10731261676823606,
    0.1412688587327937,
    0.6583175990675278,
    0.11625960948666203,
    0.06631262916192626,
    0.08722643626220974,
    0.20171688744497662,
    0.3127811879116994,
    0.115829709752853,
    0.010949068942378792,
    0.001503834374150359,
    0.00031896620311733237,
    0.00010437912884464495,
    4.517365541600871e-05
  ],
  "iterations_run": 18,
  "pc_final": 0.6738899832617135,
  "objective_final": 27.146640784253552
}