{
  "pc_history": [
    0.2514260989748976,
    0.25355304023943914,
    0.2594422213524018,
    0.2741869862830302,
    0.30499662027385827,
    0.3565118083732696,
    0.4228349886778835,
    0.4751404481893035,
    0.5037379558610591,
    0.5250125898848778,
    0.5610251328923034,
    0.6322799713722415,
    0.6690874660426718,
    0.6734793772019935,
    0.67385425696377,
    0.6738870897569951,
    0.6738898575787136,
    0.6738899832617135
  ],
  "objective_history": [
    56.785769647716506,
    43.02824831915205,
    42.81247505503179,
    42.2776937499313,
    41.12144690653518,
    39.29112748792865,
    37.21188562097829,
    35.70495981328352,
    35.01474125692181,
    34.384190374549135,
    33.01047046017386,
    30.097397890585263,
    27.45924297406999,
    27.151697618678405,
    27.14671377492018,
    27.1466447414085,
    27.146641324475716,
    27.146640784253552
  ],
  "delta_history": [
    0.4790248047457042,
    0.02442876274854963,
    0.1275049193951175,
    0.06746703261407716,
    0.10731261676823661,
    0.14126885873279404,
    0.6583175990675296,
    0.11625960948666159,
    0.06631262916192593,
    0.08722643626221047,
    0.20171688744497845,
    0.31278118791169895,
    0.11582970975285045,
    0.01094906894237846,
    0.001503834374150692,
    0.00031896620311733237,
    0.00010437912884453393,
    4.5173655416341774e-05
  ],
  "iterations_run": 18,
  "pc_final": 0.6738899832617135,
  "objective_final": 27.146640784253552
}