{
  "feature_columns": [
    "Usia Ibu",
    "Usia Kehamilan",
    "Gravida",
    "Tekanan Darah",
    "Denyut Jantung Janin",
    "Nilai AFI",
    "Kejadian KPD"
  ],
  "cluster_labels": {
    "1": "K1",
    "2": "K2",
    "3": "K3"
  },
  "min_values": {
    "Usia Ibu": 14.0,
    "Usia Kehamilan": 13.0,
    "Gravida": 1.0,
    "Tekanan Darah": 1.0,
    "Denyut Jantung Janin": 0.0,
    "Nilai AFI": 1.77,
    "Kejadian KPD": 0.0
  },
  "max_values": {
    "Usia Ibu": 43.0,
    "Usia Kehamilan": 41.5,
    "Gravida": 2.0,
    "Tekanan Darah": 3.0,
    "Denyut Jantung Janin": 1.0,
    "Nilai AFI": 5.0,
    "Kejadian KPD": 1.0
  },
  "centers": [
    [
      0.32554051572430126,
      0.8980303929852084,
      0.040967520246296484,
      0.027225158716498367,
      0.028415454716510413,
      0.6223336459203141,
      0.03659196844907758
    ],
    [
      0.5637456500866341,
      0.8753397301447704,
      0.974048107565496,
      0.034675201063772705,
      0.025460352595630353,
      0.6017141211816894,
      0.14838807123450445
    ],
    [
      0.3772657948971245,
      0.8924545466208378,
      0.1922735391418029,
      0.052622853155071425,
      0.020563372158654208,
      0.5633896971697854,
      0.9625727776923905
    ]
  ],
  "params": {
    "c": 3,
    "m": 2.0,
    "epsilon": 0.0001,
    "max_iter": 100,
    "seed": 42
  },
  "pc_final": 0.6434953916075411,
  "iterations_run": 26
}