{
  "feature_columns": [
    "Usia Ibu",
    "Usia Kehamilan",
    "Gravida",
    "Tekanan Darah",
    "Denyut Jantung Janin",
    "Nilai AFI",
    "Kejadian KPD"
  ],
  "cluster_labels": {
    "1": "Mild",
    "2": "Moderate",
    "3": "Severe"
  },
  "min_values": {
    "Usia Ibu": 14.0,
    "Usia Kehamilan": 13.0,
    "Gravida": 1.0,
    "Tekanan Darah": 1.0,
    "Denyut Jantung Janin": 0.0,
    "Nilai AFI": 1.77,
    "Kejadian KPD": 0.0
  },
  "max_values": {
    "Usia Ibu": 43.0,
    "Usia Kehamilan": 41.5,
    "Gravida": 2.0,
    "Tekanan Darah": 3.0,
    "Denyut Jantung Janin": 1.0,
    "Nilai AFI": 5.0,
    "Kejadian KPD": 1.0
  },
  "centers": [
    [
      0.3255405157243012,
      0.8980303929852083,
      0.040967520246296484,
      0.027225158716498367,
      0.028415454716510424,
      0.622333645920314,
      0.9634080315509223
    ],
    [
      0.5637456500866341,
      0.8753397301447704,
      0.9740481075654959,
      0.03467520106377271,
      0.025460352595630356,
      0.6017141211816894,
      0.851611928765496
    ],
    [
      0.3772657948971245,
      0.8924545466208378,
      0.19227353914180287,
      0.052622853155071425,
      0.0205633721586542,
      0.5633896971697854,
      0.0374272223076097
    ]
  ],
  "params": {
    "c": 3,
    "m": 2.0,
    "epsilon": 0.0001,
    "max_iter": 100,
    "seed": 42
  },
  "pc_final": 0.6434953916075412,
  "iterations_run": 26
}