{
  "pc_history": [
    0.3347466014515902,
    0.3371074897769477,
    0.3435652647026216,
    0.35872697491559447,
    0.38667647028753527,
    0.4260708687031893,
    0.4782526104328223,
    0.5443076085391664,
    0.6020240312283519,
    0.6302246084063069,
    0.6400543048951522,
    0.643048353160262,
    0.6438461611593768,
    0.6439723152743326,
    0.6439104975178135,
    0.6438130027233328,
    0.6437247875266453,
    0.6436557610837945,
    0.6436049556024895,
    0.6435686989966797,
    0.6435432668213316,
    0.6435256088609239,
    0.6435134260070662,
    0.6435050544722787,
    0.6434993170000262,
    0.6434953916075411
  ],
  "objective_history": [
    74.25404038864372,
    57.393701388002846,
    57.14170382261996,
    56.54124085289603,
    55.38335140063732,
    53.89563582177767,
    52.274666483992746,
    49.836572673785625,
    46.98703150360625,
    45.50691289887514,
    45.09550467195079,
    44.981511287169994,
    44.94229983519379,
    44.92674627444169,
    44.92013746351971,
    44.917230737351204,
    44.91592734113625,
    44.91533590462711,
    44.915065447813404,
    44.914941129197985,
    44.914883783809586,
    44.914857268364045,
    44.914844988103425,
    44.91483929433775,
    44.91483665240689,
    44.914835425904606
  ],
  "delta_history": [
    0.5382898353834564,
    0.08299956164258587,
    0.04380754996405595,
    0.07005374234093037,
    0.10553297962916008,
    0.37491865695794335,
    0.1294179534440375,
    0.1690607865991357,
    0.11831264945651776,
    0.06618836563756103,
    0.03230688545430305,
    0.01883868439479469,
    0.011913416769822438,
    0.007583864263054074,
    0.005012987424252213,
    0.003384093983797798,
    0.0022880697485291313,
    0.0015500501784133092,
    0.001051878004775575,
    0.0007147640940658451,
    0.0004861668633613925,
    0.000330911586333027,
    0.00022534722181583033,
    0.00015351152432613313,
    0.00010460016374680414,
    7.128436934472626e-05
  ],
  "iterations_run": 26,
  "pc_final": 0.6434953916075411,
  "objective_final": 44.914835425904606
}