{
  "pc_history": [
    0.3347466014515902,
    0.3371074897769477,
    0.3435652647026216,
    0.3587269749155945,
    0.38667647028753543,
    0.42607086870318966,
    0.47825261043282286,
    0.5443076085391672,
    0.6020240312283524,
    0.6302246084063071,
    0.6400543048951522,
    0.643048353160262,
    0.6438461611593768,
    0.6439723152743326,
    0.6439104975178135,
    0.6438130027233329,
    0.6437247875266454,
    0.6436557610837945,
    0.6436049556024895,
    0.6435686989966797,
    0.6435432668213316,
    0.6435256088609239,
    0.6435134260070662,
    0.6435050544722786,
    0.6434993170000262,
    0.6434953916075412
  ],
  "delta_history": [
    0.5382898353834564,
    0.08299956164258582,
    0.04380754996405595,
    0.07005374234093092,
    0.10553297962916053,
    0.3749186569579431,
    0.12941795344403706,
    0.16906078659913593,
    0.11831264945651676,
    0.06618836563756048,
    0.03230688545430238,
    0.018838684394794747,
    0.011913416769822438,
    0.007583864263053797,
    0.005012987424252102,
    0.0033840939837977424,
    0.0022880697485291313,
    0.0015500501784133092,
    0.0010518780047757414,
    0.0007147640940656785,
    0.0004861668633611149,
    0.0003309115863330825,
    0.00022534722181583033,
    0.00015351152432624415,
    0.00010460016374674863,
    7.128436934483728e-05
  ],
  "iterations_run": 26,
  "pc_final": 0.6434953916075412
}