Klaster,Usia Ibu,Usia Kehamilan,Gravida,Tekanan Darah,Denyut Jantung Janin,Nilai AFI,Kejadian KPD
K1,0.334668,0.89416,0.071066,0.045217,0.037382,0.602685,0.285441
K2,0.555457,0.877189,0.887287,0.04027,0.032691,0.593109,0.452758
