{
  "pc_history": [
    0.5002654179491567,
    0.500231019987876,
    0.5004331682705994,
    0.5008983485078236,
    0.5018754122864505,
    0.5038885931648232,
    0.5079320618511111,
    0.5156549437644576,
    0.5290603773985707,
    0.5488048987440997,
    0.5716695381966451,
    0.5916351709434041,
    0.6051847803295203,
    0.613023142460182,
    0.6173611324263144,
    0.6199371847019024,
    0.6217322000965286,
    0.6232289245414522,
    0.6246511620706188,
    0.6261005037155803,
    0.6276233012914391,
    0.6292409377208187,
    0.6309624161147059,
    0.6327887983891962,
    0.6347141201060619,
    0.6367250740220052,
    0.638800642148828,
    0.6409122908625389,
    0.6430250351943809,
    0.6450994922500944,
    0.6470948745219672,
    0.6489726396553265,
    0.650700229369865,
    0.6522541404050076,
    0.6536216429928843,
    0.6548008256734178,
    0.6557991339829923,
    0.6566309460323819,
    0.657314847762678,
    0.6578711540460321,
    0.6583199891162508,
    0.6586800132240912,
    0.6589677286742257,
    0.6591972273043407,
    0.6593802314273625,
    0.6595263030322756,
    0.6596431297370396,
    0.6597368280385292,
    0.6598122296237304,
    0.6598731340795341,
    0.6599225224315778,
    0.6599627322720681,
    0.6599955983889224,
    0.6600225640093603,
    0.6600447678719255,
    0.6600631118894669,
    0.6600783134905677,
    0.6600909460113656,
    0.660101469845771,
    0.660110256488335,
    0.6601176071294321,
    0.6601237670811777,
    0.6601289370124133,
    0.660133281738272,
    0.6601369371311034,
    0.6601400155833014,
    0.6601426103492872,
    0.6601447990157999
  ],
  "delta_history": [
    0.49112567222150705,
    0.015320417115387452,
    0.008167481265331233,
    0.05592617373587355,
    0.013940516434940875,
    0.019939064618611668,
    0.027729204380971262,
    0.0369524040004775,
    0.04556664057874238,
    0.04904541280805563,
    0.04275323015221927,
    0.03582755028785567,
    0.027002813657373115,
    0.02017762713826332,
    0.016149267501862463,
    0.014144575112756047,
    0.01372871481998289,
    0.015541059810102453,
    0.017210777211880968,
    0.018838740592123204,
    0.020447370539166787,
    0.02202540384599655,
    0.023529635215082223,
    0.0249008713121468,
    0.02607169025940992,
    0.0269696657530602,
    0.027524758755904488,
    0.027678317941449426,
    0.02739258148247259,
    0.02666543836237245,
    0.025519496596800195,
    0.024006483848494464,
    0.022209928154518666,
    0.02022864806332242,
    0.01816362996115839,
    0.016106165019053764,
    0.014129705894771805,
    0.01228636461026511,
    0.01060748162728331,
    0.00910782856892356,
    0.007787812941754624,
    0.00663767422959799,
    0.005644066471185871,
    0.004791117384361443,
    0.004062306938123567,
    0.0034416431081861765,
    0.0029143204519021804,
    0.0024670270421086604,
    0.002088028584898677,
    0.0017671216320036542,
    0.0014955173529067889,
    0.0012687544634000236,
    0.001076738419279466,
    0.0009134861852847509,
    0.0007747798453540122,
    0.0006569914227444462,
    0.0005570096771615463,
    0.0004721727690987221,
    0.0004002075817888251,
    0.0003391758319981064,
    0.00028742671394799135,
    0.00024355561058148067,
    0.00020636830852260868,
    0.00017485012448659187,
    0.00014813936342067402,
    0.00012550456407900423,
    0.00010632503457030928,
    9.00742315159686e-05
  ],
  "iterations_run": 68,
  "pc_final": 0.6601447990157999
}