{
  "pc_history": [
    0.5002654179491567,
    0.500231019987876,
    0.5004331682705992,
    0.5008983485078234,
    0.5018754122864503,
    0.5038885931648228,
    0.5079320618511103,
    0.5156549437644562,
    0.5290603773985681,
    0.5488048987440964,
    0.5716695381966416,
    0.5916351709434012,
    0.6051847803295177,
    0.6130231424601802,
    0.617361132426313,
    0.6199371847019011,
    0.6217322000965273,
    0.6232289245414508,
    0.6246511620706173,
    0.6261005037155789,
    0.6276233012914373,
    0.6292409377208168,
    0.6309624161147039,
    0.6327887983891941,
    0.6347141201060598,
    0.6367250740220031,
    0.6388006421488256,
    0.6409122908625365,
    0.6430250351943787,
    0.6450994922500922,
    0.6470948745219651,
    0.6489726396553246,
    0.6507002293698634,
    0.6522541404050061,
    0.653621642992883,
    0.6548008256734166,
    0.6557991339829914,
    0.656630946032381,
    0.6573148477626773,
    0.6578711540460316,
    0.6583199891162504,
    0.6586800132240909,
    0.6589677286742254,
    0.6591972273043404,
    0.6593802314273624,
    0.6595263030322753,
    0.6596431297370396,
    0.6597368280385292,
    0.6598122296237303,
    0.659873134079534,
    0.6599225224315779,
    0.6599627322720681,
    0.6599955983889224,
    0.6600225640093603,
    0.6600447678719256,
    0.6600631118894669,
    0.660078313490568,
    0.6600909460113655,
    0.6601014698457709,
    0.660110256488335,
    0.6601176071294321,
    0.6601237670811778,
    0.6601289370124133,
    0.660133281738272,
    0.6601369371311034,
    0.6601400155833014,
    0.6601426103492872,
    0.6601447990157999
  ],
  "objective_history": [
    104.17808779748663,
    86.2898481629156,
    86.26638461187702,
    86.24862235008325,
    86.21562445873778,
    86.1481632117867,
    86.0116591358592,
    85.7465642155858,
    85.27301925912093,
    84.54914588216975,
    83.69498490750121,
    82.99174601413213,
    82.59586051571725,
    82.4156013573589,
    82.31669835136613,
    82.23371304722153,
    82.14582836386504,
    82.04712823414138,
    81.93559572060155,
    81.81029909199057,
    81.67082117801195,
    81.51721643534611,
    81.35009248403429,
    81.17071555714487,
    80.98109700792409,
    80.78402659848845,
    80.58302254168075,
    80.38217846257182,
    80.18590482386975,
    79.99858480595489,
    79.82418841350142,
    79.66590802536432,
    79.52588541289552,
    79.40508640775806,
    79.3033444477523,
    79.21955006747874,
    79.15192902353398,
    79.09834074558042,
    79.05654115443252,
    79.02437866170399,
    78.99991662815097,
    78.98149207553396,
    78.96772766465556,
    78.95751429106419,
    78.94997841769901,
    78.94444402272504,
    78.94039521613313,
    78.93744270185906,
    78.93529535399702,
    78.93373704421388,
    78.9326082692051,
    78.93179188202897,
    78.93120218346328,
    78.93077668297163,
    78.93046993504575,
    78.93024896290989,
    78.93008988130882,
    78.92997541635017,
    78.9298930913444,
    78.92983390410072,
    78.92979136510962,
    78.9297607996824,
    78.92973884252899,
    78.92972307226049,
    78.9297117474112,
    78.92970361598245,
    78.92969777815186,
    78.92969358738021
  ],
  "delta_history": [
    0.4911256722215068,
    0.015320417115387286,
    0.008167481265331122,
    0.055926173735871554,
    0.01394051643494032,
    0.019939064618611113,
    0.02772920438097004,
    0.036952404000476724,
    0.04556664057874188,
    0.04904541280805663,
    0.042753230152217936,
    0.035827550287855114,
    0.027002813657373476,
    0.020177627138263293,
    0.01614926750186252,
    0.014144575112756047,
    0.013728714819981058,
    0.015541059810100677,
    0.017210777211879247,
    0.01883874059212154,
    0.020447370539165233,
    0.022025403845994718,
    0.02352963521508067,
    0.024900871312145467,
    0.026071690259408864,
    0.026969665753059258,
    0.027524758755904044,
    0.027678317941449482,
    0.027392581482473033,
    0.026665438362373783,
    0.02551949659680186,
    0.02400648384849635,
    0.02220992815452072,
    0.020228648063324417,
    0.01816362996116061,
    0.01610616501905604,
    0.014129705894773692,
    0.012286364610267109,
    0.010607481627285115,
    0.009107828568925003,
    0.007787812941756012,
    0.006637674229599155,
    0.005644066471186898,
    0.004791117384362303,
    0.004062306938124038,
    0.0034416431081866206,
    0.002914320451903041,
    0.002467027042108799,
    0.00208802858489901,
    0.0017671216320039318,
    0.0014955173529073162,
    0.0012687544634003567,
    0.0010767384192800211,
    0.0009134861852848064,
    0.0007747798453540122,
    0.0006569914227443352,
    0.0005570096771619903,
    0.00047217276909861106,
    0.00040020758178915816,
    0.00033917583199827295,
    0.0002874267139478248,
    0.00024355561058142516,
    0.00020636830852260868,
    0.00017485012448664738,
    0.00014813936342095158,
    0.00012550456407905974,
    0.00010632503457019826,
    9.007423151585758e-05
  ],
  "iterations_run": 68,
  "pc_final": 0.6601447990157999,
  "objective_final": 78.92969358738021
}