Klaster,Usia Ibu,Usia Kehamilan,Gravida,Tekanan Darah,Denyut Jantung Janin,Nilai AFI,Kejadian KPD
K1 - Mild,0.325541,0.89803,0.040968,0.027225,0.028415,0.622334,0.963408
K2 - Moderate,0.563746,0.87534,0.974048,0.034675,0.02546,0.601714,0.851612
K3 - Severe,0.377266,0.892455,0.192274,0.052623,0.020563,0.56339,0.037427
