Klaster,Usia Ibu,Usia Kehamilan,Gravida,Tekanan Darah,Denyut Jantung Janin,Nilai AFI,Kejadian KPD
K1 - Mild,0.306898,0.897623,0.016388,0.023008,0.019222,0.616568,0.88536
K2 - Moderate,0.531911,0.876042,0.956403,0.02042,0.011419,0.597388,0.960813
K3 - Severe,0.516705,0.885255,0.817095,0.018298,0.003461,0.580365,0.027223
