Klaster,Usia Ibu,Usia Kehamilan,Gravida,Tekanan Darah,Denyut Jantung Janin,Nilai AFI,Kejadian KPD
K1 - Mild,0.306841,0.897625,0.016034,0.023024,0.019065,0.616803,0.88535
K2 - Moderate,0.531577,0.876007,0.956751,0.020282,0.007156,0.595409,0.961107
K3 - Severe,0.516719,0.885265,0.816939,0.018311,0.003214,0.580634,0.026733
