Klaster,Usia Ibu,Usia Kehamilan,Gravida,Tekanan Darah,Denyut Jantung Janin,Nilai AFI,Kejadian KPD
K1 - Mild,0.324514,0.897951,0.038609,0.02895,0.022431,0.621953,0.965205
K2 - Moderate,0.565662,0.87498,0.97804,0.033969,0.018006,0.599554,0.852492
K3 - Severe,0.376913,0.892358,0.189907,0.051924,0.011715,0.56463,0.031925
